Video ID,Total Comments,comments
bRyL8nqCXiA,11,"[['Brother, Paid service only 5000 Km once.'], ['For services there is service plans.'], ['That is 2.9KWH battery pack that they are mentioned. Here 1 KWH = 83,330mAH. So 2.9Ã—83,330 = 2,41,657 mAH battery Capacity. \n\nHope you understand'], ['Sorry bro, 21700 lithium-ion cells battery.'], ['Bro avalo big size battery 21700 mah battery soldreenga ivalo kammiya na 20000 mah power bank vechirka bro chinnatha irukum ather battery sizela perisu athulama yappadi bro charge irukum'], ['@Soundar Rajan great bro'], ['Bro I purchased ather at Tambaram branch price is 1,54,373 bro'], [""On road price Based on region brother. If you're madurai and near by ex.showroom price- â‚¹1,48,000 (450X Pro pack) so on road will be â‚¹1.65L to â‚¹1.70L agum brother.""], ['à®à®¤à¯à®¤à®°à¯ 450 à®à®•à¯à®¸à¯ à®µà®¿à®²à¯ˆ 174,000à®¨à¯€à®™à¯à®• à®šà¯Šà®²à¯à®±à®¤à¯ à®µà®¿à®²à¯ˆ à®•à®®à¯à®®à®¿à®¯à®¾à®• à®‰à®³à¯à®³à®¤à¯ à®‡à®¤à¯ à®‰à®£à¯à®®à¯ˆà®¯à®¾à®© à®µà®¿à®²à¯ˆ à®¨à®¾à®™à¯à®•à®³à¯à®®à¯ à®¤à®±à¯à®ªà¯‹à®¤à¯ à®à®¤à¯à®¤à®°à¯  à®µà¯ˆà®¤à¯à®¤à®¿à®°à¯à®•à¯à®•à®¿à®±à¯‹à®®à¯'], ['@unboxing series tamil ok bro'], ['Home charger kum nama pay panithan vangrom. Nenga home charger ku pathila portable charger vangikalam. Rendumae orey time than edukuthu 0 to 80% charge aga, Bike à®µà®¾à®™à¯à®•à¯à®®à¯ munadi showroom la ketukonga.'], ['Portable charger free illaiya bro namma athuku thaniya pay pannanuma and other brands epdi?'], ['Dear viewers, \n\nAther 450X - â‚¹1,45,000 ( on road price)\nAther 450X Pro Pack - â‚¹1,75,000 (on road price)'], ['Thanks for watching bro and Thanks for share your feedback.'], ['On road 154600 in trichy pay pannen'], ['Brother, Share feedback about your buying and ride experience and ather Brand service.'], ['Vangiten but mostly charge podaaa than time illa mrng 5 o clock wakeup pani daily poduren'], ['Same bro. Ride experience Vera level la irunthuchu. Thanks for watching our video brother.'], ['Booked yesterday 450x pro pack one of the excellent ev vehicles compared to other brands'], ['Thanks bro.'], ['Super'], ['Thanks to correct me.'], ['8:19 Charging time wrong bro. Portable and home charger same timing 5.5 hrs (usually 4 hrs from 20% to 100%)\n\nFast charger 1.5 hrs (10 to 90%). Good review overall.'], ['Thanks bro'], ['Nice revew bro']]"
ntylQp76Deg,20,"[['Shine 100 vs splendor please'], ['Koppppp'], ['ğŸ˜Šul'], ['S1 Pro vs Activa 25km/day for yrs 10 yrs. \nOla (with battery replacement) = Rs. 3,01,099\nActiva = Rs. 6,03,979\ni.e. huge diff of Rs. 3,02,880\n\nBelow is the breakdown of the cost of ownership. I made following 2 assumptions:\n1. Assuming the battery needs to be replaced after 5 years which is not true. The battery will easily last 10 years with reduced range. \n2. Considered 100%  avg. elect. price inflation i.e. Rs. 20/kWh for the highest slab in Maharashtra for 10 years compared to the current rate (Rs. 10/kWh), whereas for petrol 70% price hike for 10 years (current is Rs. 106/ltr)\n\n\nS1 Pro: \nOn-road Cost Ola S1 = Rs 1,50,399 (incl. Extended warranty, helmets, accessories)\nAverage electricity cost for 10 years = Rs 20/kWh\nBattery = 3.97 kWh\nCost per charge = 20 x 3.97 = Rs. 79.4\n10 years average mileage of S1 = 110 KM/charge \nCost per KM = 79.4 % 110 = Rs. 0.72/km\nPrice per 25 KM = 25 x 0.72 = Rs 18\n10 years cost of running = 18 x 365 x 10 = Rs. 65,700\n10-year approx maintenance cost (OLA Care Plus) = 3500 x 10 = 35,000\nBattery cost after 5 years = Rs. 50000 (Battery will literally last for 10+ years. )  \nOwnership cost = 1,50,399 + 65,700 + 35,000 + 50,000 = Rs. 3,01,099\n\nActiva 125 H-Smart:\nOn-road price in my city = Rs. 1,17,729 \nAverage estimated price of petrol for 10 years = Rs. 150\nAverage 10 years mileage = 30km/ltr.\nCost per KM = 150 % 30  = Rs 5/km\nDaily running = 25KM\n10 years cost of running = 5 x 25 x 365 x 10 = Rs. 4,56,250\n10  year approx maintenance cost = 3000 x 10 = 30000\nOwnership cost = 1,17,729 + 4,56,250 + 30,000 = Rs. 6,03,979'], ['Super meteor 650 vs Bajaj Avenger 220 vs RE classic 350 reborn'], ['A buyer\'s perspective here.. Electric scooters are yet to prove themselves and Aether is doing a great job at it while Ola and other chillar brands are ruining it. Also, it is not easy to miss those whatsapp forwards where electric scooters are burning. It is this uncertainty and fear that people will not have with a scooter like Activa (or any other ICE scooter for that matter). No father or mother would buy an electric scooter for their children even if they spot 1 whatsapp forward about the scooter burning. \n\nFor safety\'s sake, it is easier to choose the ""safer"" option which is Activa. After all, the extra 50k price difference can help buy around 490 litres of Petrol which is around 22-23k kms on the odo at 45kmpl. This is a lot for a regular commuter and makes it a much better deal. Activas are long lasting and there are people who still ride 10 year old activas without any issues. In fact, Activa has excellent resale value and even the exchange process at the Honda showroom is good. There is a lot of tech integration into ICE scooters and Honda has done pretty good stuff like including a silent starter and designing a new fuel efficient tyre compound. Even Yamaha has added a semi-hybrid on its 125cc engines on Fascino and RayZR.\n\nSo I don\'t personally see a reason why one would invest such money in a product unless one has money lying around or wants to satisfy their vanity feelings like they\'re ""saving the environment"" lol.'], ['@Takenyao123 they already have aerox , why would they launch another 150cc scoot'], ['@Nikhil D Rao y?'], [""It won't""], ['Do a video on when will nmax 155 come to india'], [""I'm just glad that i said 'Mummy Papa I want an Access 125'. I wish  my dad had let me buy the Navi though, he was embarassed of how he looked on it.""], ['Still i prefer ola and Access...'], ['Can we expect hf deluxe vs shine 100 ?'], ['hahahaha yeah'], ['Varun Needed a Haircut'], ['scooter nahi re scooty'], [""Having an Activa is like having a combover. You think you look good but you don't.""], ['Do review abt byd atto 3 vs Hyundai ioniq 5...many people are eager to know'], ['They grew'], ['What happened to hair @Varun'], ['Would Request on Ev vs Flexi Fuel Topic Review'], ['1. Battery can last for more than 10 years with more than 70% capacity\n2. Battery pack is made of many cells and not all cells die. The replacement is much cheaper than new battery.\n3. The new battery cost expected to come down in next 2-10 years drastically due to localization'], ['Flex engines will deteriorate sooner than the outgoing petrols'], ['Sir Thanks for the Honest Review on Ather Vs Activa , I still Believe IC engines will be relevant till 2030 as there are flexi Fuel coming up soon , however the Biggest con with most EV till now will be Battery Replacement cost which still is 50 % cost of the vehicle itself tentatively ,This Compared to the IC engines ,it would still be one time investment and Flexi Fuel cost would Half of the Current Petrol Price'], ['You think this is a branded video? Matlab kuch bhi.'], ['Ather throwing lot of money on promotiona these days ğŸ˜›ğŸ§'], ['@Nikhil D Rao nha MH , Pune city'], [""@Shantanu Pawar congrats on the simple one , guessing you're from blore too.""], ['@Nikhil D Rao no im telling of running can ather run for 10 + years with same performance and range ?\nTalking about petrol yeah thats some headache ğŸ˜®\u200dğŸ’¨. But ive booked simple one now ğŸ˜…'], ['Yes it can and has been for over 5 years , also how much have you spent on petrol for the Activa ?'], ['2012 hero honda activa its been 10 years and it still runs can your ather do that? ğŸ—¿'], ['Honda Shine vs SP 125'], ['Highest selling? What you smoking?'], ['Did they deliberately ignore highest selling Ola EV scooter throughout the video?'], ['Compare Pulsar N160 vs Apache 160 4v vs Xtreme 160r'], [""I'll say it in an easier way... If you are planning to buy an activa and if you have a daily commute of above 50km, just get the Ather. The extra cost would just balance out in 2 years""], ['U r just marketing ather by positioning it as an EV equivalent of an activa. \nI also think ather has the activa brand ethos.'], ['Please compare z900 and cb 650r'], ['No removable battery is a major issue for people living in apartments.'], [""Varun's hair looks like a filter""], ['next ""Hero Xpulse 200"" Vs ""Bajaj NS 200"" please, the Fanboy\'s 200 Shootout'], ['Activa is so 2010'], ['\u200blo'], ['P'], ['\u200b@Abhishek Chakraborty UC yuv ok thanks yuv and yuv yuv'], ['Mm mklll p'], ['à§¦000à§¦ğŸ˜…'], ['Activa has redeemed itself for not being modern enough by introducing the keyless start system. Personally, I find it problematic that anyone (police, goons, etc) can easily snatch the key and then we have to literally beg them for our keys. Imagine them approaching our vehicle and not finding the keys. It is truly a blessing for many of us.'], [""\u200b@Onkar Gadale Ola is no 1 brand. Ather also didn't provide best service.many customers are not getting better services until they come to service centre same to Ola.""], [""no one's gonna count the software and charging network? \n\nAlso, constant false commitments & projections of Ola?""], ['By the I have ola s1 pro,\nFor me at least customer service is good,\nBut bugs are there'], ['There are few reasons,\n1.Ola is not polished product\n2.Customer service is not good\n3.And Ather having publicity budget to spend on YouTubers'], [""Don't know why this Journalist never recommend ola S1 instead of Ather 450x which is neck to neck in everything, and which cost 35k less.ğŸ˜·ğŸ˜·""], ['Slimer and taller rahul'], ['Guy sitting on the left looks like a knockoff of Rahul Subramaniam (the comedian)'], ['Pichwada toot jata hai bhai activa prr potholes me.. Purane generations me'], [""Activa is just one hardcore workhorse. It can bring you out or save you from the worst of conditions. Go on potholes or go to a place where there is no road only, Activa just keep going on. No need of fancy ADVs. Overload it with luggage or anything and carrying 2 people is just a breeze in it (Typical middle class man). Just fill it upto the top of the tank, and shut it. This is why it's so popular in the rural areas. Another point to mention, it's light weight which makes it easy for off road. Ultimate reliability, no fussy electronics and maintenance close to nill makes it a hot seller, telling as a rider and owner of Activa since 5 years...""], ['Mic quality ğŸ·'], ['Electric ğŸ‘ğŸ‘ğŸ‘'], ['Easy can be boring holds good for iPhone also, they just play safe and just bank on their brand value. They are in fact afraid of trying something new, that makes it so boring...'], ['Yes'], ['Ather giving back the charger money like Ola??'], [""@Shreyas don't know honestly, a friend is working in Bangalore ather office, she said that it's closer to launch than expected as Testing is already going on for gen4 , she isn't very well versed with cars or bikes or its parts so didn't know about the design changes or specifications changes, but apparently  , she knows that the gen 4 is going through some extreme water wading ğŸ˜‚""], ['Let me guess, same old design?'], ['450x gen 4 incoming next year'], ['Lol ğŸ˜‚']]"
i3ijIQyISlM,3,"[['Touch panel pe glass covering kr skte hai taki scratch na ho?'], ['450x 15hr 0 to 100 and 450x pro 5hr 0 to 100 charging timing'], ['Donoka charging time. Same he ya defrance he'], ['Ok bro bahut jald hum video upload karenge.'], ['450x base ka motor ON UI dikhao chalate wakt kya display aata hai']]"
bHC27Z92n_o,1,"[['Dekho sabse pahale to apki driving skills pr depend krega.\nFir speed pr....\nUske baad b aap tension na loooo....\nKse b challa loo...\n2 ya 3 b bitha loooo...\n100 km to aapko aaram se mil jayega.'], ['Sir please batao agar pillion bhi sath ho toh eco mode par kitna chal jayge']]"
VtdshvBbjVA,20,"[['After this step of ather we cancelled ather booking'], ['In future year ather will be invisible ğŸ’€ğŸ¤£'], [""Stop buying products automatically they will understand what's wrong with policies.""], ['I had pay Rs 19,975 for charger'], ['Boycott Ather.....buy Iqube or Ola......waiting for Ola S1 Air .....'], ['Gajab bakchodi hai'], ['Not buying ather, very bad'], ['Paise loot ne ka mamla'], ['Ather is trying to end his marketğŸ˜‚. By itself...'], ['July'], ['Ola S1 air ki delivery kab tak aayegi'], ['tork, matter aur tvs iqube st ki koi update'], ['ather ab LODE lagye ga..'], ['Just like schools, books, dress bla bla sab wahi se lena h'], ['à¤à¤¥à¤° à¤•à¥‡ à¤¬à¥à¤°à¥‡ à¤¦à¤¿à¤¨ à¤† à¤—à¤ à¤¹à¥ˆğŸ˜‚'], ['ather ab on road price kitni hai??'], ['Hero Vida slashed price and is trusted brand but river ev is my love....'], ['Ather gareebo k liye nahi h'], ['à¤šà¥à¤¯à¥à¤¤à¤¿à¤¯à¤¾à¤ªà¤¨ à¤à¤¥à¤° à¤•à¤¾, à¤œà¤¯ à¤¹à¤¿à¤‚à¤¦'], ['Ather company ethical nh lagti.. Mai use krta hu ather aachi hai but company ko thoda ethical hona jaruri hai..'], ['Dot charger kise be jage ma lake ja sakta ho. Maine recently buy kiya ha.'], ['Ola s1 air leletu ... Ane wale hai na'], ['Bro mail kiya he plzz reply dena'], ['Ather company aisa kyu kar rahi hai?'], ['Same kiya he tvs iqube charger include karke price badha diya'], ['ather is looting now , subsidy should be remove .'], ['Bakwas company ho gai he ather'], ['Ather is Doing Worst with ConsumersğŸ˜®ğŸ˜¢'], ['Chindigiri'], ['Simple one ko poch lo Wo to apna scooter market main la nai rahi ğŸ˜®ğŸ˜®'], ['Ather : aao apni company barbad kare'], ['Company does not want their 450x base madel will sale ğŸ˜‚'], ['Ather akru company hai'], ['Could ather give us refund for their Charger for earlier buyers?'], ['80k kyu 10k mai le ja bhai ğŸ¤£ğŸ˜‚ğŸ˜‚'], ['Ev price 80k hona chiya'], ['Prices petrol ka ==== hona chiya'], ['Loot macha rakhi hai in company walo ne'], ['Bhaiyo meine ampere Primus le liya hai\nGzb scooter hai'], ['à¤•à¥à¤› à¤•à¤®à¥à¤ªà¤¨à¤¿à¤¯à¤¾ à¤œà¤¨à¤¤à¤¾ à¤•à¥‹ à¤—à¤§à¤¾ à¤¬à¤¨à¤¾à¤¨à¥‡ à¤•à¥€ à¤•à¥‹à¤¶à¤¿à¤¶ à¤•à¤° à¤°à¤¹à¥‡ à¤¹à¥ˆà¤‚, à¤ªà¤° à¤œà¤¨à¤¤à¤¾ à¤‰à¤¨à¥à¤¹à¥‡à¤‚ à¤¹à¥€ à¤‰à¤²à¥à¤²à¥‚ à¤¬à¤¨à¤¾ à¤¦à¥‡à¤—à¥€à¥¤'], ['Sahi bola'], ['Haaa'], ['Ather ko subsidy nikal lena chahiye ğŸ¤¬ğŸ¤¬ğŸ¤¬'], [""I think Ather doesn't want you to buy portable charger as it has so many customer warranty claims and they are loosing money on it as customers improperly handles the charger and wires get damaged easily and Ather DOT even though I believe production cost is high it will safely sit at home and it'll last forever ( Atleast till the warranty ends) and people will handle the DOT much more safely as it is heavy and won't carry it in  the boot often as it'll eat up all the space resulting in long term gain for AtherğŸ¤‘ğŸ¤‘""], ['Scheme to make money as govt has now said ev companies should mandatory give chargers, so act like you give something which is not really needed & then still make money like before by adding people to buy portable charger ğŸ˜¢'], ['Ather ğŸ˜‚ğŸ˜¢ğŸ˜®ğŸ˜…ğŸ˜ŠğŸ¤­ğŸ˜œğŸ¤£ğŸ˜‚ğŸ˜„ğŸ˜†'], ['I saw that it is included in the cost and paying extra for portable is not good'], ['Yes. Today Ather just announced a refund of the charger cost.'], ['à¤¡à¥‰à¤Ÿ à¤”à¤° à¤ªà¥‹à¤°à¥à¤Ÿà¥‡à¤¬à¤² à¤šà¤¾à¤°à¥à¤œà¤° à¤®à¥‡à¤‚ à¤«à¤°à¥à¤• à¤•à¥à¤¯à¤¾ à¤¹à¥ˆ â“ à¤à¤¥à¤°+ à¤•à¥‡ à¤¸à¤¾à¤¥ â‚¹à¥§à¥¯à¥¯à¥­à¥«= à¤•à¤¾ à¤šà¤¾à¤°à¥à¤œà¤° à¤²à¥‡à¤¨à¤¾ à¤ªà¤¡à¤¼à¤¾, à¤•à¥à¤¯à¤¾ à¤‡à¤¸à¤•à¥€ à¤ªà¥ˆà¤¸à¤¾ à¤µà¤¾à¤ªà¤¸ à¤®à¤¿à¤²à¥‡à¤—à¤¾ â“ à¤¹à¥‡à¤²à¤®à¥‡à¤Ÿ à¤­à¥€ à¤˜à¤Ÿà¤¿à¤¯à¤¾ à¤”à¤° à¤›à¥‹à¤Ÿà¥‡ à¤¹à¥ˆ à¤•à¥à¤¯à¤¾ à¤•à¤°à¥‡ â‰ï¸'], ['Tabhi ola best h'], ['Ather ğŸ‘ğŸ»ğŸ‘ğŸ»ğŸ‘ğŸ» chutiya company'], ['Ather ko government ki esi maar padegi to harami ather walo ki kamar tut jayegi lootan company'], ['Ola is best'], [""\u200b@khajasyed100ify move out for Vero vida, that too reduced their cost. It's now cheaper than ather with portable charger. So, move out for hero vida pro.""], [""Good luck with Ola service ğŸ˜‚ğŸ˜‚\nI dropped Ola because of it's service issues... Currently using Ather DOT and never had any issue with it. \nIt does fit into the boot if needed and if you plan properly you don't need a portable charger and simply I don't like to wait anywhere 1-2 hour to charge ğŸ˜""], ['Me too Bro, because of the charger'], ['Because of this charger issue, I changed  my decision from ather to ola'], ['Kya tvs iqube bhi ab charger include krke payment lege?'], ['Youtube pe video mil jayenge'], ['Boot space compromise karke'], ['Nahi'], ['Dot ko use kar sakte hai portable jaise'], ['ye sab Apple ke tricks hain.. ye log Apple se inspire hokar customer ko mushkil situation mein daal rahe hain'], ['Or Rupam Bhai Simple one ke Bare me Kuch to Detail do Abhi to Next week chalu hogaya hai Apne hi Bola Tha Video me Next Week se Update ayega???'], ['bajaj to bahut phle sasti hogyi bhai.'], ['Ather or Bajaj Customer ko Loot te hai']]"
7yE4Cl_LxuE,2,"[['@Atique Tajir Bhai, aapki baat bhi sahi hai, ab toh barish aane ke baad hi pata chalega ki iska performance kaisa hai.'], ['@Gyani Akhil zorse baarish girti h na isse bhi zyada force hota h'], ['Bhai, barish ka pani itne jor se nahi lagta jitne force ye service center wale washing karte waqt marte hai. Toh jab kabhi gadi washing ke liye leke jate ho toh thoda dhyan rakhna.'], ['Battery and Dashboard pr paani zorse maara to koi farak nai padhta h IP67 Rating h \nBarish ke time kya bahr nai nikalega scooter koğŸ¤£'], [""If you opt for service pack then you don't need to pay""], ['Dost abhi tak ek bhi servicing nahi ki. I have very good term with Ather so they washed my bike for completing 1st Month.'], ['First service me kitna paisa laga apko?']]"
pX-FGzaoPPA,3,"[['Good information'], ['Good ğŸ‘ğŸ‘ğŸ‘ğŸ‘'], ['Bhai next Review kab daloge']]"
rOLNO4HfRqc,1,"[['@Monika Sharma but these issues resolved after software updates.'], ['@Monika Sharma Meri nayi ather hi hai. Gen 3.1'], ['\u200b@Gyani Akhil Bhai New ather 450x gen 3.1 me ye problem to nahi hai please reply ğŸ˜¢'], ['Yes bro. Detailed video coming soon.'], ['Ather 450x ğŸ”¥ğŸ’¯']]"
WcO1XJuan2M,5,"[['How will we know ? Which is ather 450x gen 3.1 update or 450x plus update ??'], ['Are you facing this issue bro?'], ['Bhai mera update Abhi Tak nahin aaye kab tak aayega'], ['@JR Piano bhai, service center dikhaya aapne?'], ['Really'], ['@Gyani Akhil kara hai phir bhi nahi ho raha hai'], ['Bhai, aap ather koi aisi jagah leke jao jaha acchi range ho, aur key off karke 10-15 min wait Karo. After that key ON Karo and check if this issue resolved or not. Agar nahi ho raha hai toh Ather service center leke jao waha aapko manual update karke mil jayega.'], ['Bhai mere saath bhi Aisa hi hua hai kuch solution batao'], ['@Gyani Akhil  pls let us how to find out Wheather my software is 450x or 450 plus after this update ? \nI have recently got 1 week back'], ['@Gyani Akhil ok sir'], [""@Honey Tyagi nahi aaya toh wait Karo. I am on ather 5.3 current update which people are getting is 5.5 and pro pack update is 5.6. i got this info from ather service center. Let's wait for some more time to get the updates stable then update your ather.""], ['\u200b@Gyani Akhil meri ather 450+ hai mereko koi update nhi aaiya mera ather stack 5.2 hi hai abhi'], ['@Time decided bhai, Ather 450 plus was a lower model and Ather 450x is top model. After update, model downgrade huaa tha due to software glitch ğŸ¤£'], ['Bhai meri nahi hui update abhi tak ather450x se ather450 plus mein convert ho gai.'], ['Kya karu plz help'], ['Bhai mere ko aaya 10 din se par thik nahi hua ab tak'], ['Accha hai bhai. Muze bhi nahi aaya. But kafi logo ko aa rahe hai.'], ['Bhai mere ather450x meto abhi tk koi update nhi aya esa koi']]"
UYsIRezBrA8,5,"[['Very bad design, Ola is best'], ['Galat information mat do Bhai v1 pro pahle company ne claim Kiya tha eco mood me 160 km milege milega.but baad me company ne clearly mention kardiya hai unke website me eco mood me ye 95 km chalega.Otherwise video bahut accha hai thank you'], ['â¤ï¸â¤ï¸â¤ï¸'], ['Bahi over price hi'], ['Bahi side by side hota comparison do video add krne se nhi']]"
A0Cy4tONjPs,3,"[['â¤â¤â¤â¤â¤â¤'], ['Kya jyada bol gaya bhai?'], ['Ye to bhai jada bole gye aapğŸ˜‚'], ['@Chill kro chilll ğŸ˜ˆ yes bro, i will soon upload a video.'], ['Ek full video dalo long trip ki in single charge'], ['@GTA Gyani Which is very awesome. Speed avg speed 50 and pickup bhi milta hai so overall its a good mode. I am very happy when I got to know this. Now I am getting 140 Kms rage every day.'], ['45 to 50 kmph ki speed me milti hai'], ['I got it bro soon I will be dropping detail video. I have all the ride data.'], ['Warp mode me itni to range nhi milti ğŸ˜’']]"
5MSC3k6YXn8,4,"[['Tq u so much ğŸ¥°'], ['Super brotherğŸ‘Œnice content'], ['Do subscribe my channel and support brother tq ğŸ˜Š'], ['Bro nim mane yali tumkur Ali because I am also tmk'], [""So nice congratulations ğŸŠ wen u got bike tel me I'll do 1 vido âœŒ""], ['Nanu sham avaratra  tumkur Ali book madidini'], ['Tq u do subscribe my channel and support à²§à²¨à³à²¯à²µà²¾à²¦à²—à²³à³ğŸ™'], ['à²¸à³‚à²ªà²°à³ ğŸ‘']]"
Mz5SxPDaj2U,1,[['ğŸ˜ğŸ˜']]
F4Jug0iyt2E,3,"[['ğŸ˜‚ğŸ˜‚'], ['ğŸ˜ğŸ˜ğŸ˜'], ['Non sense ğŸ‘¦ boy']]"
n5rfvWSF5u8,1,"[['@Boss https://twitter.com/atherenergy/status/1654043541486833665'], ['@Joshua Baker no news till yet'], ['great, just now Ather released a statement that they would reimburse the amount for those who bougth before Apr 2023'], ['Yes'], ['I bought the vehicle in Jan 2021? Will I get refund?']]"
a3RqOJ1AMco,3,"[['Best in segment'], ['Nice review ğŸ‘'], ['Wow, awesome Scooty ğŸ‘Œ \nAwesome review ğŸ˜Š']]"
Ed3Lv2wGeU8,3,"[['Agar hum warp mode pe chalege 40 to 45 ki speed pe to bhi ramge 105km milega na ?'], ['Thanks man'], ['Really great test! and a well made video, did not feel like skipping for even a bit!'], ['ğŸ‘ŒğŸ‘ŒğŸ‘Œ']]"
mtbtROH6pi0,4,"[['Awesome !!'], ['WILL BUY MY ATHER SOON'], ['This is ASMR version of the the video; which means â€œno talking in videoâ€ as mentioned in title. This is mainly with idea of giving an experience that audience can feel themselves in. \n\nInformation about battery, charger and etc are available in this in greater detail that youâ€™d love. \n\n160 kms Long ride on Ather 450X | Fast Charging options | Hill test | Electric Vehicle 2023\nhttps://youtu.be/DbbQl5kTVbM'], [""Where is battery details riding details experience range speed details where are they it's useless untill u give information""], ['Haha thought that was a beautiful trip, worth another watch without voice, pleasantly.'], ['Last trip to nandi hills video uploaded againğŸ˜‚ğŸ˜‚ you could have edited a bit'], ['wow !! thank you brother !!'], ['1st view brother.good presentation all the best from hosur .']]"
8XpUFCQaox8,3,"[['Side stand or ladies footrest'], ['Side stand cost'], ['1500'], ['PPF Cost ????'], ['Nyc bhai']]"
qVUKMns4_Rg,4,"[['Ather buy'], ['Ola look Back side like Buffalo ğŸƒ'], ['ğŸ¤£'], ['Cartoons ride olağŸ˜‚'], ['à¤–à¥à¤ª à¤›à¤¾à¤¨ à¤†à¤ˆà¤¡à¥€à¤¯à¤¾  à¤¸à¥à¤•à¥à¤Ÿà¤° à¤šà¥€ ğŸ¥­ğŸ‘ŒğŸ‘Œ'], ['Thanks @adi ğŸ™\nBut 2 and 4 is wrong, also Ather gives only 1 year GPS subscription free but lifetime in OLA, with free Helmet ğŸª–ğŸ˜.\nStill finding the best option ğŸ˜¶\u200dğŸŒ«ï¸'], ['Nice video dada...\nI think Ather is better than Ola\n1.Indian brand\n2.seat is larger \n3.comfort ride \n4.affordable than ola']]"
HLz-akGoHMY,4,"[[""Why not in pune I'm excited for it man.""], ['This is certainly not the experience we intend for you to have, Ranjith! We request you to please get in touch with our customer support team at +91 7676-600-900 or write an email to info@atherenergy.com for further assistance.'], ['First make your customers happy by clearing all problems with the software'], [""We want the same in Kochi as wellğŸ˜ğŸ˜\nCurrently I'm Warping on my way back home which has nearly 10 tight twisties +  slight uphil as well as downhill and smooth rubberized taring + Less TrafficğŸ¤©ğŸ¤©\nBest feeling ever, than what I get on my motorcycle TBH""], ['ğŸ”¥']]"
P5k8uve04xc,9,"[['ğŸ‘ğŸ¼ğŸ‘ğŸ¼ğŸ‘ğŸ¼'], ['Nothing is better'], ['Confused anu bro'], ['Which one is better? Ola or ather??'], ['â¤ï¸'], ['Simple and valuable information..'], ['@Sivadath S doubt clear'], ['Motor jam avilla pakaram oru reverse effect kodukuvan cheyunnathu ippo munnodu irangipokan nikkuvanegil motor athite opposite side work cheyum pirekilekanegil munnilekkum push cheyyum . Any way it works well'], ['Brake alla\nMotor fixed position il lock akiyanu hill hold sadhyamavunath\n\nHill hold work cheyuna time il battery consumption cheriya alavil koodum'], ['à´’à´°àµ à´¡àµ—à´Ÿàµà´Ÿàµ à´šàµ‹à´¦à´¿à´šàµà´šàµ‹à´Ÿàµà´Ÿàµ† à´¹à´¿àµ½ à´¹àµ‹àµ¾à´¡àµ  à´à´™àµà´™à´¨àµ† à´µàµ¼à´•àµà´•àµ à´šàµ†à´¯àµà´¯àµà´¨àµà´¨àµ à´…à´¤à´¾à´¯à´¤àµ à´®àµ‹à´Ÿàµà´Ÿàµ‹àµ¼ à´œà´¾à´‚ à´†à´µàµà´• à´†à´£àµ‹ à´¬àµà´°àµ‡à´•àµà´•àµ à´œà´¾à´‚ à´†à´£àµ‹'], ['â¤ï¸'], ['Perfect design'], ['ğŸ˜‚'], ['@akhil raj njan poyitu pinne varam ğŸ¤£'], ['#BuiltToPerfection ğŸ˜¢'], ['à´¶àµ†à´Ÿà´¾ ğŸ¤£'], ['à´…à´¤à´¿à´¨à´²àµà´²àµ‡ OLA àµ½ Panel Gap à´•àµŠà´Ÿàµà´¤àµà´¤à´¤àµ. full cooling'], ['@Pradhul Calicut kandu bro\n\nMissed it'], ['Exactly evideya njan sradhichitila'], ['Front shroud visor nte thazheyum oru hole und. Dash board cool cheyyan'], ['â¤'], ['Good explanation'], ['â¤'], ['Poli ğŸ‘ğŸ»']]"
N9Z2bysFCSg,1,"[['@CLUTCHER YT Do consider one more fact. Ather is belt drive, barsat me kabhi abhi prob aati hai. Iqube me motor seedhe  tyre se connected hota hai. Range dono ki same hai. Service TVs ki better hai. Price 1lakh 20 thousand hai, 20000 cheaper, subsidy ke baad 1,10 approx.'], ['@BEYOND TRAVEL hm kall ather 450x pro order karke aye ge'], ['Actually I wanted to clarify what I and technician were talking about. ğŸ˜­'], ['Sale 7.11 sec me dara diya bhai']]"
ybByG4nBuOc,1,[['ğŸ‘ğŸ‘ğŸ‘']]
r1bTACGfJ7s,20,"[['yea broğŸ™‚'], ['Good news you are updating in the group ğŸ˜Š good job'], ['iQUBE Normal Performance, VIDA is good performance scooter'], ['I still have doubt in which to select \nTVs i qube or Hero Veda which to select'], ['Hi Justin, sure we can expect Made in India battery soon lets, wait and see'], ['à®¨à®£à¯à®ªà®°à¯‡ à®ªà¯à®¤à¯à®šà®¾ à®’à®°à¯ à®ªà¯‡à®Ÿà¯à®Ÿà®°à®¿ à®•à®®à¯à®ªà¯†à®©à®¿ à®®à®¾à®°à¯à®•à¯à®•à¯†à®Ÿà¯à®Ÿà®¿à®²à¯ à®µà®¨à¯à®¤à®¿à®°à¯à®•à¯à®•à¯ log9 à®…à®¤à®©à¯à®Ÿà¯ˆà®¯ à®ªà®°à¯à®ƒà®ªà®¾à®®à¯†à®©à¯à®¸à¯ à®¨à®²à¯à®²à®¾ à®‡à®°à¯à®•à¯à®•à¯à®©à¯à®©à¯ à®šà¯Šà®²à¯à®±à®¾à®™à¯à®• à®…à®¤à®©à®¾à®² à®‡à®µà®™à¯à®• à®µà®¿à®²à¯ˆ à®‡à®±à®™à¯à®•à®¿ à®‡à®°à¯à®•à¯à®•à¯à®¤à¯à®©à¯à®©à¯ à®¨à®¾à®©à¯ à®¨à®¿à®©à¯ˆà®•à¯à®•à®¿à®±à¯‡à®©à¯'], ['Check battery health with service center also speak to iQUBE cust care'], ['Tvs iqube 70+km only full charge  economic mode ğŸ˜¡  ...'], ['Okay bro thank you'], ['Okinawa different issue bro, simple one has a lot of process to get to actual production'], ['Sir, high range EVs plan panni release ah stop panrangala, okhi 90 production ea stop pannitangalam, showroom la booking illa nu solranga. Oru Vela simple one adhanala delay aagudha.'], ['Haha'], ['Thanks Modi Ji.'], ['@GreenTech Sumeeth Tamil for both the varient ather will bundle only 250watt charge(10hrs charge time).likely 250watt charger is out of stock so they are giving 750watt dot charger free of cost till the 250watt arrives within a week. Or else we need to pay 13k additional for 750w charger.'], ['For which varient?'], [""Don't buy any ev vehicle for a month.. I booked and fully tensed as ather trying to charge the fame 2 amount on us..""], ['Yesterday I have enquired ather they only bundle 250w charger with bike at free of cost.we want to pay 13k extrağŸ˜¢ if we want the 750w charger'], ['@GreenTech Sumeeth Tamil then is that gud to buy it'], ['No subsidy and charger extra'], ['Revolt la ethavathu update iruka bro'], ['No subsidy bro'], ['Okinawa any updation'], ['@GreenTech Sumeeth Tamil subsidiary eruka, kidikuma'], ['Pure EV bike is good bro'], ['Bro Pure EV iku yathum yathum eruka'], ['May be next year bro. you want the simple one video'], ['Bro simple energy one bike  launch date sollugah and price quotation and showroom yegah eruku sollugah'], ['1.54K is fair price bro'], ['Ada Pona Video pathu than ather pro 154000 kuduthu vangiten'], ['You will get it back bro'], ['Bro ather 450x charger 20k pay panna broğŸ˜¢'], ['I like you to gather the subsidy program run by govt for rooftop how to install wat will be the cost wat option we have like whether we get paid for the unit generation or just we get reduced in our bill amount like that information gathering'], ['@GreenTech Sumeeth Tamil not that much bro just felt u r dng well in ev sector if you do same work in solar and wind power still it will reach a lot'], ['hi bro sure do you have any leads?'], ['You never disappoint us with the valuable information you share for us thank you once again for the effort u keep on rock this try to look on solar and wind energy project for rooftop'], ['@GreenTech Sumeeth Tamilthey charged almost 19k as well for chargers bro. Ippo hardware upgrade nu 4200 Vera. No new features. All are already promised ones. Nalla Kollai adikuranunga'], ['No subsidy bro'], ['Revolt any news?'], ['For all models bro'], ['Does the refund also provided for S1 base model or only S1 pro as said in the news clip you shown in your video ?'], ['All the best bro, after buying lets do a review'], ['Ather vanga poren 147000 price'], ['hm'], ['Modi government doesnt take anything for granted. The rebate must go to the people and not the company'], ['Me too let me know'], ['OKay lets wait, now more companies are refunding'], ['I am purchased TVS i qube s variant on Nov 22 from MG TVS chennai. Now i asked about charger Refund cost. They says present billing is inclusive of charger, but we dont know about refund details for previous customer.'], ['Have to wait and see bro, I think Bguass is not under investigation'], ['What about other companies, including Hero electric, BGAUSS, and others, Bro? Have you got any link to check it?'], ['I shall update this month bro'], ['St delivery date'], ['HmğŸ™‚'], ['Bro daily vedio podunga'], ['à®‰à®™à¯à®•à®³à¯à®•à¯à®•à¯ à®’à®°à¯ à®¨à®¾à®³à¯ˆà®•à¯à®•à¯ à®à®µà¯à®µà¯à®³à®µà¯ à®ªà¯†à®Ÿà¯à®°à¯‹à®²à¯ à®šà¯†à®²à®µà®¾à®•à¯à®®à¯'], ['Battery life time 5yrs thaan maximum..à®…à®¤à¯à®•à¯à®•à¯ à®…à®ªà¯à®ªà¯à®±à®®à¯ ...à®¨à®¿à®¯à¯‚ battery costs heavy ... But petrol vehichles will run for atleast 10 yrs .... Minor changes or repairs can be done ... But battery vehicles all are costly.'], ['Haha sari anna'], ['Thank u tambi'], ['Ena issue achu bro'], ['Bro na ola bike vagi 17day la bike problem ayiruchu bro vagum pothu free service nu sonna epo pay pannum nu solraga bro 10day achi enum problem solve pannala bro ğŸ˜£ğŸ˜£'], ['15 th april s1 pro book pannitan, any refund for me ?'], ['Welcome Vivek'], ['Good news. Thank you sumeeth'], ['à®ªà¯à®°à¯‹ à®†à®ªà¯à®ª à®‡à®¤à¯à®•à¯à®•à¯ à®®à¯à®©à¯à®©à®¾à®Ÿà®¿ à®•à®µà®°à¯à®®à¯†à®£à¯à®Ÿà¯ à®à®©à¯à®©à®¤à®¾à®©à¯ à®šà¯†à®¯à¯à®¤à¯à®•à¯Šà®£à¯à®Ÿà®¿à®°à¯à®¨à¯à®¤à®¤à¯'], ['à®“à®²à®¾ à®®à¯à®¨à¯à®¤à®¿à®•à¯ à®•à¯Šà®£à¯à®Ÿà®¤à®©à¯ à®•à®¾à®°à®£à®®à¯ à®à®±à¯à®•à®©à®µà¯‡ à®šà®°à¯à®µà¯€à®¸à¯ à®šà®°à®¿à®¯à®¿à®²à¯à®²à¯ˆ à®à®©à¯à®± à®ªà¯‡à®šà¯à®šà¯ à®ªà®°à®µà®²à®¾à®• à®‰à®³à¯à®³à®¤à¯ à®…à®¤à¯ˆ à®šà®°à®¿ à®šà¯†à®¯à¯à®¯à®µà¯‡ à®¨à®£à¯à®ªà®°à¯‡'], ['Yes bro now only I saw, thanks for update I wonder why they have activated it again'], ['Bro , TVS iqube basic model Fame-2 subsidy list la basic model expired la irunthu ippa again active la iruku 22500rs appa basic model again Vara pogutha.'], ['Not confirm for now bro, wait for few days and see the changes'], ['Ather 450 x purchase panni 2 month aguthu. conform refund varuma.'], ['à®µà®£à¯à®Ÿà®¿ à®¨à®²à¯à®²à®¾ à®‡à®°à¯à®•à¯à®•à®¾'], ['Not confirm for now bro, wait for few days and see the changes'], ['à®¨à®£à¯à®ªà®¾ à®Ÿà®¿à®µà®¿à®à®¸à¯ à®à®•à¯à®¯à¯‚ à®¨à®¾à®©à¯ à®à®Ÿà¯à®¤à¯à®¤à¯à®³à¯à®³à¯‡à®©à¯ à®à®©à®•à¯à®•à¯ à®šà®¾à®°à¯à®œà®°à¯ à®…à®®à¯Œà®©à¯à®Ÿà¯ à®°à®¿à®Ÿà¯à®Ÿà®©à¯ à®‰à®±à¯à®¤à®¿à®¯à®¾à®• à®•à®¿à®Ÿà¯ˆà®•à¯à®•à¯à®®à®¾']]"
#NAME?,1,[['â¤ğŸ˜ŠğŸ”¥']]
FzQlybnOGGI,3,"[['@Tec with rk bhai abhi leke 1 month hi huaa hai. 1st time hi huaa, lekin next time jo bhi hai de dunga.'], ['@Gyani Akhil jab bhi jate ho paise nahi lete ?'], ['Bhai, muzse paise toh liye nahi. Somehow they go to know about my channel and offered me a free wash. They gave me prefered time as well so that I can make video ğŸ˜€'], ['Saf karne ke kitane paise diye apne'], ['@Gyani Akhil video hai ather ka youtube pe kese wash karni hai konse part pe pressure wala wash nahi karna sab dikhaya hai'], ['@Tec with rk pata nahi bhai. Maine first time bike wash Kari. Aur ather ke logo se hi karwai, kaise wash karne ka wo bhi unhone bataya.'], ['@Gyani Akhil fir inhone aisa video kyu banaya kese saaf karni hai'], ['Bhai, ye ather ke hi log hai. Maine ather service station se hi dhoke laya.'], ['Bro itna tej pressor say saaf mat karo kharab ho jaega apne ather ka video nahi dekha kese wash karna hai ather company ne khud video launch kia tha wash kese kare'], ['Acchi bat hai bhai..'], ['Mere paas hero photon lp hai or m bade aram se wash kr leta hu vo bhi bina kisi problem ke']]"
TD_4RZRMKVY,1,[['Yo']]
6f0qRjEpsTY,10,"[['badiya mere bhaiğŸ‰ğŸ‰'], ['ğŸ”¥ğŸ”¥ğŸ”¥'], ['This hardworking make him succeed one day â¤â¤'], ['â¤â¤'], ['Very hardworking'], ['Bahi bahut mast video hai'], ['â¤â¤'], ['Keep it up broo ğŸ˜ƒ'], ['Bro bahut sahi videos hain â¤'], ['â£ï¸â£ï¸â£ï¸â£ï¸â£ï¸']]"
OFMxNe6pRp0,10,"[['EV hub store not responding eventhough several times I approached.'], ['They are not responding even though several times I approached.'], ['Ababaa baaaa yem ideas ayaaaa'], ['ğŸ‘ŒğŸ‘ŒğŸ‘Œ'], ['Hi annayya â¤ï¸'], ['Sir me videos super but me spites bagaladu tesi video cheyandi plz à°¬à°¾à°—à°¾à°²à±‡à°¦à±'], ['Bro a spects tesi matalandi ğŸ¤“ğŸ¤“'], ['à°®à°‚à°šà°¿ ğŸ˜…à°µà°¿à°·à°¯à°‚ à°šà±†à°ªà±à°ªà°¾à°µà± EV à°•à±à°°à±à°°à°¾à°¡à°¾ğŸ˜‚âœŒï¸ğŸ”¥â­ğŸ’ªğŸ™'], ['Anna Naa Vehicle Hero Optima Cxer Daniki Set Avatada Leda Problem Emaina Vastada'], ['Ee phone numbers asalu work kavadam ledhu bro'], ['à°šà°¾à°²à°¾ à°®à°‚à°šà°¿ à°µà°¿à°·à°¯à°‚ à°®à°§à±à°¯à°²à±‹ à°¬à°‚à°¡à°¿ à°…à°¯à°¿à°ªà±‹à°¤à±‡ à°à°Ÿà± à°ªà±‹à°µà°¾à°²à±‹ à°¤à±†à°²à°¿à°¯à°¨à°¿ à°ªà°°à°¿à°¸à±à°¥à°¿à°¤à±à°²à± à°‡à°Ÿà±à°µà°‚à°Ÿà°¿à°µà°¿ à°šà°¾à°²à°¾ à°‰à°ªà°¯à±‹à°—à°•à°°à°®à±ˆà°¨à°µà°¿'], ['Amzadh bhai... Avi fraud scheme vehicles'], ['Hii bro.    ADMS(à°…à°¡à°‚à°¸à±)  E BIKE à°ªà±ˆà°¨ à°°à°¿à°µà±à°¯à±‚ à°šà±‡à°¯à°‚à°¡à°¿ BRO...  (18 à°®à±‹à°¡à°²à±à°¸à± à°µà±à°¨à±à°¨à°¾à°¯à°¿)']]"
V9TDytIqZ9A,18,"[['Anna small doubt finance lo tesukunna eastara amount'], ['Mari gen 2 valaki entha vastadhi'], ['Sir nenu March 1st naadu Ather delivery teesukunnanu. Naaku Charger refund vastunda'], ['Ather company performance upgrade ani 20000 Rs collected but in navigation is not at all working properly from purchased in day one till now then why this people taking money, we can put case against ather in consumer court please send a reply Mr mandela'], ['Please compare this models in term of 1. Build quality 2. Range & speed 3.charge time 4.features 5.price\n1) Ather 450x standard\n          Vs\n2)Tvs iQube S \n           Vs \n3) Ola S1 pro \n            Vs \n4) Bajaj Chetak\n            Vs\n5) Hero Vida v1 plus'], ['And maymu LFP battery use chysunamu and charger kuda yakuva cost kadu'], ['Andukay benling company use chymani'], ['Ather pedda donga'], ['Maa tvs i qube bandiki refund vasttunda'], ['Ola money return istundi ani ev kurraadu channel lo video chesav, ather gurinchi mvs auto lo video chestunnav, nee intention enti , nee anni channel subscribe cheskovali anega'], ['Court lo case veyyandi Maa andariki baduluga.. Refund ivvakapothe'], ['Need #compensateather'], ['à°à°¨à±à°¨à°¿ à°šà°¾à°¨à°²à±à°¸à± à°¬à±à°°à±‹'], ['Ok'], ['Ather gen 2 ki refund vastadha  bro'], ['Ather 450x purchased in Feb 24th 2023.'], ['Tvs iqube ki repund isthraa bro'], ['Waiting for my money\nI am the owner of Ola S1']]"
tWpg1pm8Jmw,3,"[['Osm behen ji'], ['nice â¤'], ['Hero Make best']]"
j2G2BrYHaDo,19,"[['your little swing of a hammer is way different than all your body weight pushing down on it.'], ['That not a hammer lol and doesnt show u swinging and hitting it wit force lol ğŸ˜‚'], ['I need a scooter plug something fast'], ['How do I get that kind of puncture proofing on a unicycle ğŸ˜¹'], ['How much those cost'], ['what?!?!?! a solid tire cant get flat?'], [""Guy's tryna make an ad ğŸ˜‚ğŸ˜‚""], ['Because you hit like a girl!!!!'], [""But you didn't even swing the Hammer to the nail. ğŸ¤”""], ['I got a scooter and I got a mail in mine, it sucks'], ['How stupid do you think we are ğŸ˜‚ğŸ˜‚'], ['Solid tires are terrible. They go bald quick and traction sucks'], [""It's hard bloody damn foam that's all! I had a bicycle in the 80s with them unpopable  tyres.""], ['Try using a real hammer not a rock pick'], ['Seth says SMEAAAASSSHGG'], ['Every time I see a scooter parked now Iâ€™m gonna smesh it ğŸ˜Š'], ['Yeah only if all scooters have that. I hate changing tires'], ['This guy delete comments that critiques his videos legitimacy beware!, this guy is lying. Lame'], ['Which makes it more prone to skidding and sliding since there is no surface area with resistance ğŸ˜Š'], ['If its a solid tire then there is NO AIR in the tire'], ['Hole in it on last one'], ['@Jonathanisnâ€™t it a solid tire with foam? ğŸ˜‚'], ['He thinks weâ€™re stupid ğŸ˜‚'], ['@maxwell cat my response to the YouTuber he commented, he deleted it.'], ['\u200b@Jonathan Is it the one starting with not genuine? Not deleted for me tho'], ['Heâ€™s lying, he deleted my comment about the suspicious video.'], ['The last hit put a small puncture in the tireâ€¦why didnâ€™t you keep going ? ğŸ˜‚'], ['Something tells me a sharp stick after a windy storm will impel the tire going quick speeds. Well at least itâ€™s happened to me.'], [""lolol ok. I'll put the full version in the review just for you don't you worry! :)""], ['Not genuine, jump cuts are suspicious.']]"
ryJKme9uQ9M,3,"[['Your math is not very good.  You said Ampere sold 9344 units and April 8316 units.  Then you said Ampere sales are increasing month on month.  In my book 8316 is less than 9344.  Did they sell less in April or did you get the numbers backwards.'], ['WHAT ABOUT TVS IQUBE S PLEASE LET US KNOW THE CURRENT UPDATE .'], ['Ola S1 customer will get refund?\nPurchased Sept 2022']]"
